{"cameraMode":{"drawMode":0,"name":"Shaded","section":"Shading Mode"},"sceneLighting":true,"audioPlay":false,"sceneViewState":{"m_AlwaysRefresh":false,"showFog":true,"showSkybox":true,"showFlares":true,"showImageEffects":true,"showParticleSystems":true,"showVisualEffectGraphs":true,"m_FxEnabled":true},"in2DMode":false,"pivot":{"x":-0.44123363494873049,"y":0.07408815622329712,"z":-6.390739440917969},"rotation":{"x":-0.01652069203555584,"y":-0.9798911809921265,"z":0.09169838577508927,"w":-0.176496222615242},"size":3.4830305576324465,"orthographic":false}